hospital_id,hospital_name,latitude,longitude
H01,Capital Hospital,20.27,85.84
H02,B.M.C Hospital,20.2961,85.8245
H03,Central Hospital East Coast Railway,20.3492,85.8181
H04,AIIMS Bhubaneswar,20.305,85.795
H05,ESI Hospital Bhubaneswar,20.335,85.817
H06,Railway Hospital Bhubaneswar,20.274,85.835
H07,Municipal Hospital Old Town,20.2376,85.834
H08,Government Hospital Chandrasekharpur,20.3492,85.8181
H09,Government Hospital Nayapalli,20.2961,85.8189
H10,Apollo Hospitals,20.299,85.818
H11,Manipal Hospitals Bhubaneswar,20.2988,85.8245
H12,SUM Ultimate Medicare Hospital,20.335,85.817
H13,KIMS / Pradyumna Bal Memorial Hospital,20.382,85.754
H14,CARE Hospitals Bhubaneswar,20.3492,85.8181
H15,Aditya Ashwini Hospital,20.24,85.833
H16,Utkal Hospital,20.2376,85.834
H17,Sunshine Hospital,20.287,85.857
H18,Vivekanand Hospital Bhubaneswar,20.2961,85.8189
H19,Usthi Hospital,20.22,85.81
H20,IGKC Multispecialty Hospital,20.265,85.845
H21,Bijaya Multispeciality Hospital,20.2836,85.7833
H22,Health Village Hospital,20.335,85.817
H23,Hi-Tech Medical College & Hospital,20.21,85.77
H24,Kalinga Hospital,20.3492,85.8181
H25,AMRI Hospitals,20.2601,85.7736
H26,Vikash Hospital Bhubaneswar,20.2775,85.8583
H27,Apex Hospital,20.287,85.857
H28,Padma Hospital,20.2833,85.8412
H29,CDR Hospital,20.2836,85.7833
H30,ASG Eye Hospital,20.2988,85.8245
H31,Dr Agarwal's Eye Hospital,20.3559,85.8203
H32,LV Prasad Eye Institute,20.3559,85.8203
H33,Kanungo Institute of Diabetes Specialities,20.265,85.83
H34,Odisha Comprehensive Cancer Centre,20.3355,85.8175
H35,Ankura Hospital for Women & Children,20.3559,85.8203
H36,Ayush Hospital,20.3492,85.8181
H37,Aditya Care Hospital,20.24,85.833
