hospital_id,hospital_name,locality,ownership,hospital_type,total_beds,available_beds,icu_beds,icu_available,ventilators,ventilators_available,doctors_on_duty,specialist_doctors,ambulances_available,blood_bank,trauma_center,occupancy_percent,avg_wait_time_min
H01,Capital Hospital,Unit VI,Government,Tertiary,647,88,60,9,25,4,55,24,5,Yes,Yes,86,26
H02,B.M.C Hospital,Bhubaneswar,Government,General,150,24,12,2,6,1,22,10,2,Yes,No,84,30
H03,Central Hospital East Coast Railway,Chandrasekharpur,Government,General,200,32,18,3,8,1,28,13,2,Yes,No,84,28
H04,AIIMS Bhubaneswar,Sijua,Government,Tertiary,960,142,120,18,60,9,85,42,6,Yes,Yes,85,25
H05,ESI Hospital Bhubaneswar,Kalinga Nagar,Government,General,100,17,8,1,4,1,16,7,1,Yes,No,83,32
H06,Railway Hospital Bhubaneswar,Master Canteen,Government,General,80,13,6,1,3,0,11,5,1,Yes,No,84,29
H07,Municipal Hospital Old Town,Old Town,Government,General,60,10,4,0,2,0,9,4,1,No,No,83,33
H08,Government Hospital Chandrasekharpur,Chandrasekharpur,Government,General,70,12,5,1,2,0,10,4,1,No,No,83,31
H09,Government Hospital Nayapalli,Nayapalli,Government,General,70,12,5,1,2,0,10,4,1,No,No,83,31
H10,Apollo Hospitals,Sainik School,Private,Multispecialty,300,58,40,7,20,4,45,22,4,Yes,Yes,81,20
H11,Manipal Hospitals Bhubaneswar,Jaydev Vihar,Private,Multispecialty,250,47,30,5,15,3,38,18,3,Yes,No,81,18
H12,SUM Ultimate Medicare Hospital,Kalinga Nagar,Private,Multispecialty,500,95,55,10,30,6,60,28,5,Yes,Yes,81,22
H13,KIMS / Pradyumna Bal Memorial Hospital,Chandaka,Private,Tertiary,750,110,80,12,45,7,70,35,5,Yes,Yes,85,28
H14,CARE Hospitals Bhubaneswar,Chandrasekharpur,Private,Multispecialty,200,33,25,4,12,2,30,15,3,Yes,No,84,20
H15,Aditya Ashwini Hospital,Bhoisahi,Private,General,80,14,7,1,3,0,11,5,1,No,No,82,31
H16,Utkal Hospital,Old Town,Private,General,120,20,15,2,6,1,18,9,2,No,No,83,30
H17,Sunshine Hospital,Rasulgarh,Private,General,140,24,16,2,7,1,20,9,2,No,No,83,29
H18,Vivekanand Hospital Bhubaneswar,Nayapalli,Private,General,150,26,18,3,8,1,22,10,2,Yes,No,83,27
H19,Usthi Hospital,Mahisha Vartak,Private,General,60,10,5,1,2,0,8,4,1,No,No,83,35
H20,IGKC Multispecialty Hospital,Tankapani Road,Private,Multispecialty,110,17,12,1,5,1,16,7,1,No,No,85,32
H21,Bijaya Multispeciality Hospital,Baramunda,Private,Multispecialty,130,21,14,2,6,1,19,9,2,Yes,No,84,27
H22,Health Village Hospital,Kalinga Nagar,Private,General,90,15,8,1,4,1,13,6,1,No,No,83,33
H23,Hi-Tech Medical College & Hospital,Pandara,Private,Tertiary (Teaching),650,96,70,10,35,6,62,30,5,Yes,Yes,85,26
H24,Kalinga Hospital,Chandrasekharpur,Private,Multispecialty,220,36,26,4,13,2,32,16,3,Yes,No,84,21
H25,AMRI Hospitals,Khandagiri,Private,Multispecialty,180,29,22,3,10,2,27,13,3,Yes,No,84,23
H26,Vikash Hospital Bhubaneswar,Bomikhal,Private,General,100,17,9,1,4,1,14,6,1,No,No,83,30
H27,Apex Hospital,Rasulgarh,Private,General,90,15,8,1,3,0,12,5,1,No,No,83,30
H28,Padma Hospital,Saheed Nagar,Private,General,70,12,6,1,2,0,10,4,1,No,No,83,32
H29,CDR Hospital,Baramunda,Private,General,60,10,5,0,2,0,8,3,1,No,No,83,34
H30,ASG Eye Hospital,Jaydev Vihar,Private,Specialty - Eye Care,40,7,0,0,0,0,6,4,0,No,No,82,15
H31,Dr Agarwal's Eye Hospital,Patia,Private,Specialty - Eye Care,35,6,0,0,0,0,5,3,0,No,No,82,15
H32,LV Prasad Eye Institute,Patia,Private,Specialty - Eye Care,50,9,0,0,0,0,7,5,0,No,No,82,16
H33,Kanungo Institute of Diabetes Specialities,Bapuji Nagar,Private,Specialty - Diabetes & Endocrine,25,5,0,0,0,0,4,3,0,No,No,80,14
H34,Odisha Comprehensive Cancer Centre,Sum Hospital Campus,Private,Specialty - Oncology,150,22,15,2,8,1,20,14,1,Yes,No,85,24
H35,Ankura Hospital for Women & Children,Patia,Private,Specialty - Women & Child,100,18,10,2,4,1,15,8,1,Yes,No,82,22
H36,Ayush Hospital,Chandrasekharpur,Private,General - AYUSH & Wellness,40,8,0,0,0,0,6,3,0,No,No,80,20
H37,Aditya Care Hospital,Bhoisahi,Private,General,85,14,7,1,3,0,12,5,1,No,No,83,31
